filename,parent
2-10_phaseVariation,phaseVariation
2D8_gradient_10x10_10,diffusion2d
2D8_gradient_10x10_100,diffusion2d
2D8_gradient_10x10_50,diffusion2d
2D8_gradient_20x20_10,diffusion2d
2D8_gradient_30x30_10,diffusion2d
2D8_gradient_40x40_10,diffusion2d
2D8_gradient_5x5_10,diffusion2d
2D8_gradient_5x5_100,diffusion2d
2D8_gradient_5x5_150,diffusion2d
2D8_gradient_5x5_200,diffusion2d
2D8_gradient_5x5_50,diffusion2d
5-10_phaseVariation,phaseVariation
adding.1,adding
adding.2,adding
adding.3,adding
adding.4,adding
adding.5,adding
adding.6,adding
afcs_01_a,autoFlight
afcs_01_b,autoFlight
afcs_02_a,autoFlight
afcs_02_b,autoFlight
afcs_03_a,autoFlight
afcs_03_b,autoFlight
afcs_04_a,autoFlight
afcs_05_a,autoFlight
afcs_06_a,autoFlight
afcs_12_a,autoFlight
afcs_24_a,autoFlight
AirplaneLD-pt-0010,airplaneLD
AirplaneLD-pt-0020,airplaneLD
AirplaneLD-pt-0050,airplaneLD
AirplaneLD-pt-0100,airplaneLD
AirplaneLD-pt-0200,airplaneLD
AirplaneLD-pt-0500,airplaneLD
AirplaneLD-pt-1000,airplaneLD
anderson.1,anderson
anderson.2,anderson
anderson.3,anderson
anderson.4,anderson
anderson.6,anderson
anderson.8,anderson
angiogenesis-01,angiogenesis
angiogenesis-05,angiogenesis
angiogenesis-10,angiogenesis
angiogenesis-15,angiogenesis
at.1,at
at.2,at
at.3,at
at.4,at
at.5,at
at.6,at
at.7,at
blocks.2,blocks
blocks.3,blocks
bopdp.1,bopdp
bopdp.2,bopdp
bopdp.3,bopdp
bridge.1,bridge
bridge.2,bridge
bridge.3,bridge
BridgeAndVehicles-V04-P05-N02-unfolded,bridgeAndVehicles
BridgeAndVehicles-V10-P10-N10-unfolded,bridgeAndVehicles
BridgeAndVehicles-V20-P10-N10-unfolded,bridgeAndVehicles
BridgeAndVehicles-V20-P10-N20-unfolded,bridgeAndVehicles
BridgeAndVehicles-V20-P20-N10-unfolded,bridgeAndVehicles
brp2.1,brp2
brp2.2,brp2
brp2.3,brp2
brp2.4,brp2
brp2.5,brp2
brp2.6,brp2
cambridge.1,cambridge
cambridge.2,cambridge
cambridge.3,cambridge
cambridge.4,cambridge
cambridge.5,cambridge
cambridge.6,cambridge
cambridge.7,cambridge
circadian_clock-000001,circadianClock
circadian_clock-000010,circadianClock
circadian_clock-000100,circadianClock
CircularTrain-012,circularTrain
CircularTrain-024,circularTrain
CircularTrain-048,circularTrain
CircularTrain-096,circularTrain
CircularTrain-192,circularTrain
closed_system1,paramProductionCell
closed_system2,paramProductionCell
closed_system3,paramProductionCell
closed_system4,paramProductionCell
closed_system5,paramProductionCell
collision.1,collision
collision.2,collision
collision.3,collision
collision.4,collision
collision.5,collision
collision.6,collision
cs_repetitions-2-unfolded,csRepetitions
cs_repetitions-3-unfolded,csRepetitions
cs_repetitions-4-unfolded,csRepetitions
cyclic_scheduler.1,cyclicScheduler
cyclic_scheduler.2,cyclicScheduler
cyclic_scheduler.3,cyclicScheduler
cyclic_scheduler.4,cyclicScheduler
database2UNFOLD,databaseMutex
database4UNFOLD,databaseMutex
dekker-10,dekker
dekker-15,dekker
deploy_2_a,deploy
deploy_3_a,deploy
deploy_4_a,deploy
deploy_5_a,deploy
deploy_6_a,deploy
deploy_7_a,deploy
des_00_a,des
des_01_a,des
des_02_a,des
distributeur-01-unfolded-02,vendingMachine
dlcsh_2_a,dlcShifumi
dnawalk-01,dnawalk
dnawalk-02,dnawalk
dnawalk-03,dnawalk
dnawalk-04,dnawalk
dnawalk-05,dnawalk
dnawalk-06,dnawalk
dnawalk-07,dnawalk
dnawalk-08,dnawalk
dnawalk-09,dnawalk
dnawalk-10,dnawalk
dnawalk-11,dnawalk
dnawalk-12,dnawalk
dnawalk-13,dnawalk
dnawalk-14,dnawalk
dnawalk-15,dnawalk
elevator.1,elevator
elevator.2,elevator
elevator2.1,elevator
elevator2.2,elevator
elevator2.3,elevator
elevator.3,elevator
elevator.4,elevator
EnergyBus,energyBus
erk-000001,erk
erk-000010,erk
erk-000100,erk
exit.1,exit
exit.2,exit
exit.3,exit
exit.4,exit
exit.5,exit
extinction.1,extinction
extinction.2,extinction
extinction.3,extinction
extinction.4,extinction
firewire_link.2,firewireLink
firewire_link.3,firewireLink
firewire_link.5,firewireLink
fischer.1,fischer
fischer.2,fischer
fischer.3,fischer
fischer.4,fischer
fischer.5,fischer
fischer.6,fischer
fischer.7,fischer
FMS-10,fms
FMS-100,fms
FMS-2,fms
FMS-20,fms
FMS-200,fms
FMS-5,fms
FMS-50,fms
galloc_res-3,globalResAllocation
gear.1,gear
gear.2,gear
G-PPP-1000-10,gppp
G-PPP-1000-100,gppp
G-PPP-1000-1000,gppp
G-PPP-100-10,gppp
G-PPP-100-100,gppp
G-PPP-100-1000,gppp
G-PPP-100-10000,gppp
G-PPP-100-100000,gppp
G-PPP-10-10,gppp
G-PPP-10-100,gppp
G-PPP-1-1,gppp
G-PPP-1-10,gppp
G-PPP-1-100,gppp
G-PPP-1-1000,gppp
hanoi.1,hanoi
hanoi.2,hanoi
HouseConstruction-002,houseConstruction
HouseConstruction-005,houseConstruction
HouseConstruction-010,houseConstruction
HouseConstruction-020,houseConstruction
HouseConstruction-050,houseConstruction
ht_d2k1p8b00,hyperTorusGrid
ht_d2k2p1b00,hyperTorusGrid
IBM319,IBM319
IBM5964,IBM5964
IBM703,IBM703
IBMB2S565S3960,IBMB2S565S3960
IOTP_c1m1p1d1,iotpPurchase
IOTP_c3m3p3d3,iotpPurchase
IOTP_c5m4p3d2,iotpPurchase
iprotocol.1,iprotocol
iprotocol.2,iprotocol
iprotocol.3,iprotocol
iprotocol.4,iprotocol
iprotocol.5,iprotocol
iprotocol.6,iprotocol
iprotocol.7,iprotocol
Kanban-10,kanban
Kanban-20,kanban
Kanban-5,kanban
Kanban-50,kanban
krebs.1,krebs
krebs.2,krebs
krebs.3,krebs
krebs.4,krebs
lamport.1,lamport
lamport.2,lamport
lamport.3,lamport
lamport.5,lamport
lamport.6,lamport
lamport.7,lamport
lamport.8,lamport
lamport_fmea-2,lamportFmea
lamport_fmea-3,lamportFmea
lamport_fmea-4,lamportFmea
lamport_fmea-5,lamportFmea
lamport_nonatomic.1,lamportNonatomic
lamport_nonatomic.2,lamportNonatomic
lamport_nonatomic.3,lamportNonatomic
lamport_nonatomic.4,lamportNonatomic
lamport_nonatomic.5,lamportNonatomic
lann.1,lann
lann.2,lann
lann.3,lann
lann.4,lann
lann.5,lann
lann.6,lann
lann.7,lann
leader_election.1,leaderElection
leader_election.2,leaderElection
leader_election.3,leaderElection
leader_election.4,leaderElection
leader_election.5,leaderElection
leader_election.6,leaderElection
leader_filters.1,leaderFilters
leader_filters.2,leaderFilters
leader_filters.3,leaderFilters
leader_filters.5,leaderFilters
leader_filters.6,leaderFilters
leader_filters.7,leaderFilters
lifts.1,lifts
lifts.2,lifts
lifts.3,lifts
lifts.4,lifts
lifts.5,lifts
lifts.6,lifts
lifts.7,lifts
lifts.8,lifts
lup.1,lup
lup.2,lup
lup.3,lup
lup.4,lup
MAPK-20,mapk
MAPK-40,mapk
MAPK-8,mapk
MAPK-80,mapk
mcs.1,mcs
mcs.2,mcs
mcs.3,mcs
mcs.4,mcs
mcs.5,mcs
mcs.6,mcs
msmie.1,msmie
msmie.2,msmie
msmie.3,msmie
msmie.4,msmie
MultiwaySync,multiWaySync
needham.1,needham
needham.2,needham
needham.3,needham
needham.4,needham
open_system_0,paramProductionCell
PaceMaker,paceMaker
parking_1_4,parking
parking_2_8,parking
parking_4_16,parking
parking_4_32,parking
peg_solitaire.1,pegSolitair
peg_solitaire.4,pegSolitair
peg_solitaire.5,pegSolitair
peterson.1,petersonDve
peterson.2,petersonDve
Peterson-2,petersonPnml
peterson.3,petersonDve
Peterson-3,petersonPnml
peterson.4,petersonDve
peterson.5,petersonDve
peterson.6,petersonDve
peterson.7,petersonDve
pgm_protocol.1,pgmProtocol
pgm_protocol.2,pgmProtocol
pgm_protocol.3,pgmProtocol
pgm_protocol.4,pgmProtocol
pgm_protocol.5,pgmProtocol
pgm_protocol.6,pgmProtocol
pgm_protocol.7,pgmProtocol
pgm_protocol.8,pgmProtocol
philo_dyn-3-unfolded,philoDyn
Philosophers-10,philosophers
Philosophers-100,philosophers
Philosophers-1000,philosophers
Philosophers-20,philosophers
Philosophers-200,philosophers
Philosophers-2000,philosophers
Philosophers-5,philosophers
Philosophers-50,philosophers
Philosophers-500,philosophers
phils.1,phils
phils.2,phils
phils.3,phils
phils.4,phils
phils.5,phils
phils.6,phils
phils.7,phils
phils.8,phils
pouring.1,pouring
pouring.2,pouring
ProductionCell,productionCellPnml
production_cell.2,productionCellDve
production_cell.4,productionCellDve
protocols.2,protocols
protocols.3,protocols
protocols.4,protocols
protocols.5,protocols
public_subscribe.2,publicSubscribe
public_subscribe.5,publicSubscribe
QCertifProtocol_02-unfold,qCertifProtocol
QCertifProtocol_06-unfold,qCertifProtocol
raft_02,raft
raft_03,raft
raft_04,raft
raft_05,raft
raft_06,raft
RAS-C-10,resAllocation
RAS-C-100,resAllocation
RAS-C-15,resAllocation
RAS-C-20,resAllocation
RAS-C-3,resAllocation
RAS-C-5,resAllocation
RAS-C-50,resAllocation
RAS-R-10,resAllocation
RAS-R-100,resAllocation
RAS-R-15,resAllocation
RAS-R-2,resAllocation
RAS-R-20,resAllocation
RAS-R-3,resAllocation
RAS-R-5,resAllocation
RAS-R-50,resAllocation
reader_writer.1,readWriter
reader_writer.2,readWriter
reader_writer.3,readWriter
rether.1,rether
rether.2,rether
rether.3,rether
rether.4,rether
rether.5,rether
rether.6,rether
rether.7,rether
ring,ring
rwmutex-r10w10,rwMutex
rwmutex-r10w100,rwMutex
rwmutex-r10w1000,rwMutex
rwmutex-r10w20,rwMutex
rwmutex-r10w2000,rwMutex
rwmutex-r10w50,rwMutex
rwmutex-r10w500,rwMutex
rwmutex-r20w10,rwMutex
SafeBus-03-unfolded,safeBus
schedule_world.1,scheduleWorld
schedule_world.2,scheduleWorld
schedule_world.3,scheduleWorld
sg-2-1-2,squareGrid
shared_memory-pt-10,sharedMemory
shared_memory-pt-5,sharedMemory
simple_lbs-10,simpleLoadBalance
simple_lbs-2,simpleLoadBalance
simple_lbs-5,simpleLoadBalance
SmallOperatingSystem-MT0016DC0008,smallOperatingSystem
SmallOperatingSystem-MT0032DC0008,smallOperatingSystem
SmallOperatingSystem-MT0032DC0016,smallOperatingSystem
SmallOperatingSystem-MT0064DC0016,smallOperatingSystem
SmallOperatingSystem-MT0064DC0032,smallOperatingSystem
SmallOperatingSystem-MT0128DC0032,smallOperatingSystem
SmallOperatingSystem-MT0128DC0064,smallOperatingSystem
SmallOperatingSystem-MT0256DC0064,smallOperatingSystem
sokoban.1,sokoban
sokoban.2,sokoban
soli0_counter_square5,soli
soli0_square5,soli
sorter.1,sorter
sorter.2,sorter
sorter.3,sorter
sorter.4,sorter
sorter.5,sorter
SwimmingPool-1,swimmingPool
SwimmingPool-2,swimmingPool
SwimmingPool-3,swimmingPool
SwimmingPool-4,swimmingPool
synapse.1,synapse
synapse.2,synapse
synapse.3,synapse
synapse.4,synapse
synapse.5,synapse
synapse.6,synapse
synapse.7,synapse
tcp10,tcpCondis
tcp5,tcpCondis
TokenRing-10-unfolded,tokenRing
TokenRing-15-unfolded,tokenRing
TokenRing-20-unfolded,tokenRing
TokenRing-5-unfolded,tokenRing
trg_1-20-0,triangularGrid
trg_1-50-0,triangularGrid
unf-8x8-4stageSEN-01,permAdmissibility
UtahNoC,utahNoC
Vasy2003,vasy
